sentence_id	token	surprisal	token_id
0	This	7.0086774826049805	1212
0	Ġis	2.445237398147583	318
0	Ġa	1.5881386995315552	257
0	Ġtest	10.17039966583252	1332
0	Ġsentence	12.888010025024414	6827
1	This	7.0086774826049805	1212
1	Ġis	2.445237398147583	318
1	Ġour	7.0343146324157715	674
1	Ġnext	7.379815101623535	1306
1	Ġsentence	14.259239196777344	6827
2	This	7.0086774826049805	1212
2	Ġis	2.445237398147583	318
2	Ġthe	2.5414233207702637	262
2	Ġlast	6.552562713623047	938
2	Ġone	6.25679874420166	530
